videoName,views
Barbie | Main Trailer,79922625
The Super Mario Bros. Movie | Official Trailer,30401495
Oppenheimer | New Trailer,66095962
Oppenheimer | Official Trailer,47001163
Marvel Studios’ Guardians of the Galaxy Vol. 3 | Official Trailer,33770969
Marvel Studios’ Guardians of the Galaxy Vol. 3 | New Trailer,19289752
FAST X | Official Trailer,40793447
FAST X | Official Trailer 2,31007244
FAST X | Final Trailer,13935201
SPIDER-MAN: ACROSS THE SPIDER-VERSE - Official Trailer (HD),36586556
SPIDER-MAN: ACROSS THE SPIDER-VERSE - Official Trailer #2 (HD),50852384
The Little Mermaid | Official Trailer,26057586
Mission: Impossible – Dead Reckoning Part One | Official Trailer (2023 Movie) - Tom Cruise,28939657
Mission: Impossible – Dead Reckoning Part One | Final Trailer (2023 Movie) - Tom Cruise,5899912
Elemental | Official Trailer,46568237
Marvel Studios’ Ant-Man and The Wasp: Quantumania | Official Trailer,33645596
Marvel Studios’ Ant-Man and The Wasp: Quantumania | New Trailer,26195186
"John Wick: Chapter 4 (2023 Movie) Official Trailer – Keanu Reeves, Donnie Yen, Bill Skarsgård",49421526
"John Wick: Chapter 4 (2023) Final Trailer – Keanu Reeves, Donnie Yen, Bill Skarsgård",31312679
Transformers: Rise of the Beasts | Official Trailer (2023 Movie),32632352
Transformers: Rise of the Beasts | Official Final Trailer (2023 Movie),11683269
MEG 2: THE TRENCH - OFFICIAL TRAILER,46942856
Indiana Jones and the Dial of Destiny | Official Trailer,16408874
The Hunger Games: The Ballad of Songbirds & Snakes (2023) Official Trailer,23335749
The Hunger Games: The Ballad of Songbirds & Snakes (2023) Official Trailer 2,29144607
Five Nights At Freddy's | Official Trailer,40490074
Five Nights at Freddy's | Official Trailer 2,23736855
CREED III | Official Trailer,18592536
CREED III | Final Trailer,19086776
The Flash – Official Trailer,20747823
The Flash - Official Trailer 2,32399320
THE NUN II | OFFICIAL TRAILER,41725608
WONKA | Official Trailer,37715684
Wonka | Trailer #2,12626941
